"";"site_no";"flow";"flow_v";"water_temp";"ph"
"1";2336360;6,6;"Точное";27,4;7,1
"2";2336410;11;"Точное";27,2;7,2
"3";2336526;4,8;"Точное";27;7,7
"4";2336313;0,69;"Точное";26,9;7,2
"5";2336410;11;"Точное";26,9;7,2
"6";2336120;12;"Точное";26,8;7
"7";2203700;4,4;"Точное";26,7;7,3
"8";2336300;21;"Точное";26,6;7,5
"9";2336410;12;"Точное";26,6;7,2
"10";2336360;6,6;"Точное";26,6;7
"11";2336360;6,6;"Точное";26,5;7
"12";2336313;0,73;"Точное";26,5;7,3
"13";2336360;6,6;"Точное";26,5;7,1
"14";2336120;12;"Точное";26,4;7
"15";2336300;27;"Точное";26,4;7,5
"16";2203700;4,9;"Точное";26,4;7,3
"17";2336300;21;"Точное";26,4;7,5
"18";2336313;0,77;"Точное";26,4;7,2
"19";2336313;0,69;"Точное";26,3;7,3
"20";2336360;7,2;"Точное";26,3;7,1
"21";2337170;NA;"Точное";26,2;6,9
"22";2203700;3,9;"Точное";26,2;7
"23";2336240;11;"Точное";26,1;7,1
"24";2203700;4,9;"Точное";26,1;7,3
"25";2336300;27;"Точное";26;7,5
"26";2336526;3,8;"Точное";26;8,2
"27";2336300;NA;"Точное";26;7,6
"28";2336526;5,7;"Точное";26;8,3
"29";2336526;3,6;"Точное";26;8,4
"30";2336313;0,77;"Точное";26;7,3
"31";2336120;12;"Точное";26;7
"32";2336526;5,9;"Точное";26;8,3
"33";2337170;1260;"Точное";26;7
"34";2336120;13;"Точное";26;7
"35";2336526;5,9;"Точное";26;8,4
"36";2203700;3,9;"Точное";26;7
"37";2336300;31;"Точное";25,9;7,5
"38";2336360;6,3;"Точное";25,9;7
"39";2336360;6,6;"Точное";25,9;7
"40";2203700;3,7;"Точное";25,9;7
"41";2336300;27;"Точное";25,8;7,5
"42";2336360;9,1;"Точное";25,8;7,5
"43";2336300;21;"Точное";25,8;7,5
"44";2336410;11;"Точное";25,8;7,4
"45";2336410;11;"Точное";25,8;7,5
"46";2336300;20;"Точное";25,8;7,6
"47";2336240;12;"Точное";25,8;7,1
"48";2336313;0,69;"Точное";25,7;7,3
"49";2203700;3,9;"Точное";25,7;6,9
"50";2203700;3,9;"Точное";25,7;7,1
"51";2336240;10;"Точное";25,7;7,1
"52";2336360;9,1;"Точное";25,7;7,5
"53";2336313;0,69;"Точное";25,7;7,3
"54";2336300;21;"Точное";25,6;7,5
"55";2203700;4,6;"Точное";25,6;7,4
"56";2337170;1270;"Точное";25,6;6,8
"57";2336360;7,8;"Точное";25,6;7
"58";2336120;13;"Точное";25,6;7
"59";2203700;3,9;"Точное";25,6;6,9
"60";2336728;9,3;"Точное";25,6;7,3
"61";2336313;1;"Точное";25,6;7,3
"62";2336526;3;"Точное";25,5;9
"63";2336313;0,73;"Точное";25,5;7,3
"64";2336240;10;"Точное";25,5;7
"65";2336313;1;"Точное";25,5;7,3
"66";2336300;22;"Точное";25,5;7,5
"67";2336360;9,1;"Точное";25,5;7,4
"68";2336313;1;"Точное";25,4;7,2
"69";2336300;30;"Точное";25,4;7,3
"70";2336728;9,7;"Точное";25,4;7,2
"71";2336240;8,9;"Точное";25,4;7,4
"72";2336360;9,8;"Точное";25,4;NA
"73";2336120;11;"Точное";25,4;7,2
"74";2336240;13;"Точное";25,4;7
"75";2203700;3,9;"Точное";25,4;6,9
"76";2336526;2,8;"Точное";25,4;8,7
"77";2336240;11;"Точное";25,4;7
"78";2336728;14;"Точное";25,3;7
"79";2336313;0,65;"Точное";25,3;7,2
"80";2336360;9,8;"Точное";25,3;7,5
"81";2336360;10;"Точное";25,3;7
"82";2336120;9,9;"Точное";25,3;7,2
"83";2336360;6,3;"Точное";25,3;7
"84";2336526;4,6;"Точное";25,3;8
"85";2336300;21;"Точное";25,3;7,4
"86";2336240;11;"Точное";25,3;7,3
"87";2336120;16;"Точное";25,3;6,9
"88";2336313;0,98;"Точное";25,3;7,3
"89";2336728;8,9;"Точное";25,2;7,3
"90";2336240;8,9;"Точное";25,2;7,4
"91";2336728;9,3;"Точное";25,2;7,3
"92";2336120;10;"Точное";25,2;7,3
"93";2203700;4,6;"Точное";25,1;7,3
"94";2336120;9,9;"Точное";25,1;7,2
"95";2336360;7,2;"Точное";25,1;7
"96";2336526;5,9;"Точное";25,1;7,2
"97";2337170;1270;"Точное";25,1;6,8
"98";2336120;15;"Точное";25,1;7,4
"99";2336313;0,98;"Точное";25,1;7,2
"100";2336240;11;"Точное";25,1;7
"101";2336526;2,8;"Точное";25;8,6
"102";2336313;0,98;"Точное";25;7,2
"103";2336300;27;"Точное";25;7,6
"104";2203655;8,8;"Точное";25;7
"105";2336313;1;"Точное";25;7,3
"106";2203700;NA;"Точное";25;7
"107";2336526;2,7;"Точное";25;8,5
"108";2203700;3,7;"Точное";25;6,9
"109";2336120;11;"Точное";25;7,1
"110";2336313;0,98;"Точное";24,9;7,2
"111";2203655;9,2;"Точное";24,9;7
"112";2336526;3,6;"Точное";24,9;7,9
"113";2336300;21;"Точное";24,9;7,4
"114";2336120;15;"Точное";24,9;7,3
"115";2336313;0,98;"Точное";24,9;7,2
"116";2336728;9,3;"Точное";24,9;7,3
"117";2203700;3,7;"Точное";24,9;6,8
"118";2336410;13;"Точное";24,9;7
"119";2336313;0,82;"Точное";24,9;7,3
"120";2336313;0,93;"Точное";24,9;7,2
"121";2336313;0,69;"Точное";24,8;7,4
"122";2336410;10;"Точное";24,8;7,5
"123";2336240;8,5;"Точное";24,8;7,3
"124";2336526;5;"Точное";24,8;8,9
"125";2336240;8,5;"Точное";24,8;7,4
"126";2336360;9,1;"Точное";24,8;7,4
"127";2336360;9,8;"Точное";24,8;7,4
"128";2336526;3,5;"Точное";24,8;9,1
"129";2336526;5,7;"Точное";24,8;7,3
"130";2337170;1270;"Точное";24,8;6,8
"131";2336410;16;"Точное";24,8;7
"132";2336120;13;"Точное";24,8;7
"133";2336526;6,4;"Точное";24,8;8
"134";2336313;0,93;"Точное";24,8;7,2
"135";2336360;8,4;"Точное";24,7;NA
"136";2336728;14;"Точное";24,7;7
"137";2336300;27;"Точное";24,7;7,6
"138";2336526;4;"Точное";24,7;7,8
"139";2336526;3;"Точное";24,7;8,5
"140";2336313;0,69;"Точное";24,7;7,4
"141";2337170;1260;"Точное";24,7;6,9
"142";2336410;13;"Точное";24,7;7,4
"143";2336120;11;"Точное";24,6;7,1
"144";2336300;21;"Точное";24,6;7,5
"145";2336240;13;"Точное";24,6;7
"146";2336728;9,3;"Точное";24,6;7,3
"147";2336313;0,87;"Точное";24,6;7,2
"148";2336300;24;"Точное";24,6;7,5
"149";2336120;15;"Точное";24,6;6,9
"150";2203700;3,7;"Точное";24,6;7,1
"151";2336300;19;"Точное";24,6;7,4
"152";2203700;3,5;"Точное";24,6;6,9
"153";2337170;1260;"Точное";24,6;6,9
"154";2336410;11;"Точное";24,6;7,4
"155";2336300;18;"Точное";24,6;7,3
"156";2337170;1270;"Точное";24,5;6,8
"157";2203700;5,1;"Точное";24,5;7,2
"158";2336526;5,2;"Точное";24,4;8,6
"159";2336728;12;"Точное";24,4;7,3
"160";2203700;4,4;"Точное";24,4;6,9
"161";2336360;6,3;"Точное";24,4;6,9
"162";2336313;1;"Точное";24,4;7,3
"163";2203700;3,9;"Точное";24,4;7
"164";2337170;1270;"Точное";24,4;6,9
"165";2336360;7,8;"Точное";24,4;7
"166";2203655;8,8;"Точное";24,4;7,2
"167";2336300;27;"Точное";24,4;7,6
"168";2203655;9,2;"Точное";24,4;7,1
"169";2336526;NA;"Точное";24,4;NA
"170";2336313;0,98;"Точное";24,4;7,2
"171";2336410;11;"Точное";24,3;7,4
"172";2336360;6,3;"Точное";24,3;NA
"173";2336526;3,5;"Точное";24,3;8,7
"174";2336313;0,82;"Точное";24,3;7,4
"175";2336526;3,6;"Точное";24,3;7,6
"176";2336313;1;"Точное";24,3;7,3
"177";2336360;8,4;"Точное";24,3;7,3
"178";2336240;9,2;"Точное";24,3;7,4
"179";2336120;25;"Точное";24,3;6,8
"180";2336360;7,2;"Точное";24,3;6,9
"181";2336410;14;"Точное";24,3;7,3
"182";2336240;12;"Точное";24,2;7,3
"183";2203700;4,4;"Точное";24,2;7,2
"184";2336360;9,4;"Точное";24,2;6,9
"185";2337170;1270;"Точное";24,2;6,9
"186";2336120;15;"Точное";24,2;7,2
"187";2336526;3,6;"Точное";24,2;8,2
"188";2336120;16;"Точное";24,2;7,3
"189";2336120;15;"Точное";24,2;7,2
"190";2336526;3,6;"Точное";24,2;8,3
"191";2336728;12;"Точное";24,2;7,3
"192";2336360;11;"Точное";24,2;7,4
"193";2336410;13;"Точное";24,2;NA
"194";2203655;11;"Точное";24,1;6,6
"195";2336410;17;"Точное";24,1;7,2
"196";2336360;11;"Точное";24,1;7,1
"197";2336313;0,73;"Точное";24,1;7,5
"198";2336240;8,2;"Точное";24,1;7,3
"199";2336120;11;"Точное";24,1;7,1
"200";2203700;3,9;"Точное";24,1;6,9
"201";2336410;25;"Точное";24,1;7,1
"202";2336240;7,9;"Точное";24,1;7,2
"203";2336410;12;"Точное";24,1;7,4
"204";2336526;4,4;"Точное";24;8
"205";2203655;9,6;"Точное";24;7,2
"206";2336300;27;"Точное";24;7,6
"207";2336240;19;"Точное";24;7
"208";2336526;5,7;"Точное";24;7,2
"209";2336526;3,6;"Точное";24;7,7
"210";2336120;11;"Точное";24;7,2
"211";2336410;19;"Точное";24;7,3
"212";2336728;10;"Точное";24;7,3
"213";2203655;9,2;"Точное";24;7,2
"214";2336360;11;"Точное";23,9;7
"215";2336120;11;"Точное";23,9;7,2
"216";2336300;31;"Точное";23,9;7,3
"217";2336360;6;"Точное";23,9;6,9
"218";2336526;NA;"Точное";23,9;7,3
"219";2203700;3,5;"Точное";23,9;6,8
"220";2203655;9,6;"Точное";23,9;7,2
"221";2336526;3,5;"Точное";23,9;9
"222";2337170;1280;"Точное";23,9;6,9
"223";2336120;11;"Точное";23,9;7,1
"224";2336728;9,3;"Точное";23,9;7,2
"225";2336410;16;"Точное";23,9;7,4
"226";2336120;11;"Точное";23,9;7,2
"227";2336240;19;"Точное";23,8;7
"228";2336728;14;"Точное";23,8;7
"229";2203655;10;"Точное";23,8;6,7
"230";2336728;7,8;"Точное";23,8;7,2
"231";2336313;0,93;"Точное";23,8;7,2
"232";2336526;5,7;"Точное";23,8;8,3
"233";2336526;2,8;"Точное";23,8;8
"234";2336360;11;"Точное";23,8;7,4
"235";2336300;21;"Точное";23,8;NA
"236";2336313;0,73;"Точное";23,8;7,4
"237";2336240;19;"Точное";23,8;7
"238";2336313;1;"Точное";23,8;7,2
"239";2203655;9,2;"Точное";23,7;7,3
"240";2336313;0,98;"Точное";23,7;7,2
"241";2336313;1;"Точное";23,7;7,3
"242";2336410;14;"Точное";23,7;7
"243";2336240;11;"Точное";23,7;7
"244";2336120;17;"Точное";23,7;6,8
"245";2336240;12;"Точное";23,7;7
"246";2203700;3,7;"Точное";23,7;6,8
"247";2336526;2,8;"Точное";23,7;7,9
"248";2336240;20;"Точное";23,7;7
"249";2336410;15;"Точное";23,7;7,2
"250";2336240;8,5;"Точное";23,7;7,2
"251";2336313;1;"Точное";23,7;7,3
"252";2336120;21;"Точное";23,7;6,8
"253";2336526;3,8;"Точное";23,6;8,1
"254";2203655;10;"Точное";23,6;7,3
"255";2203700;3,9;"Точное";23,6;7
"256";2336240;12;"Точное";23,6;7
"257";2336313;0,82;"Точное";23,6;7,4
"258";2336526;4,6;"Точное";23,6;7,3
"259";2336410;13;"Точное";23,6;7
"260";2336313;0,87;"Точное";23,6;7,1
"261";2336120;15;"Точное";23,6;6,9
"262";2336313;1;"Точное";23,6;7,2
"263";2336300;31;"Точное";23,6;7,3
"264";2203700;3,7;"Точное";23,5;6,8
"265";2336360;11;"Точное";23,5;7
"266";2336240;8,5;"Точное";23,5;7,3
"267";2203700;6,1;"Точное";23,5;7,2
"268";2336526;4,6;"Точное";23,5;7,6
"269";2336526;3,5;"Точное";23,5;7,6
"270";2336410;15;"Точное";23,5;7
"271";2336313;1;"Точное";23,5;NA
"272";2336300;23;"Точное";23,5;7,3
"273";2336728;29;"Точное";23,5;7
"274";2336410;34;"Точное";23,5;NA
"275";2336300;20;"Точное";23,5;7,4
"276";2336313;0,98;"Точное";23,5;7,2
"277";2203700;4,4;"Точное";23,5;7,2
"278";2336526;3,5;"Точное";23,5;7,6
"279";2336240;11;"Точное";23,5;7,2
"280";2336410;17;"Точное";23,4;7,1
"281";2336240;11;"Точное";23,4;7
"282";2336313;0,98;"Точное";23,4;7,2
"283";2336360;11;"Точное";23,4;7,3
"284";2336240;10;"Точное";23,4;7,1
"285";2203655;7,5;"Точное";23,4;7
"286";2203655;7,5;"Точное";23,4;7
"287";2336526;5;"Точное";23,4;7,3
"288";2336360;9,8;"Точное";23,4;7,4
"289";2336410;11;"Точное";23,4;7,4
"290";2203655;6,8;"Точное";23,4;6,9
"291";2203655;7,5;"Точное";23,4;6,9
"292";2203655;7,2;"Точное";23,4;7
"293";2336240;7,9;"Точное";23,4;7,1
"294";2203700;3,7;"Точное";23,4;6,8
"295";2203655;11;"Точное";23,4;6,7
"296";2203655;7,5;"Точное";23,4;7
"297";2336410;17;"Точное";23,4;7,2
"298";2336240;11;"Точное";23,4;7
"299";2203655;7,5;"Точное";23,4;6,9
"300";2336313;0,73;"Точное";23,3;7,4
"301";2336120;12;"Точное";23,3;6,9
"302";2336120;12;"Точное";23,3;7
"303";2336728;20;"Точное";23,3;7
"304";2336240;9,2;"Точное";23,3;7,3
"305";2336300;24;"Точное";23,3;7,5
"306";2336360;8,7;"Точное";23,3;6,9
"307";2203700;3,7;"Точное";23,3;6,8
"308";2336526;4,6;"Точное";23,3;7,2
"309";2203655;7,5;"Точное";23,3;7
"310";2336313;1;"Точное";23,3;7,1
"311";2336360;6,9;"Точное";23,3;6,9
"312";2336410;14;"Точное";23,3;7
"313";2336120;11;"Точное";23,3;7,2
"314";2336526;3,1;"Точное";23,3;8,2
"315";2336313;1;"Точное";23,2;7,1
"316";2336728;20;"Точное";23,2;7
"317";2336360;11;"Точное";23,2;7,3
"318";2336526;3,1;"Точное";23,2;7,5
"319";2336300;30;"Точное";23,2;7,4
"320";2336313;1;"Точное";23,2;7,2
"321";2336300;22;"Точное";23,2;7,5
"322";2336360;11;"Точное";23,2;7
"323";2336728;32;"Точное";23,1;6,9
"324";2336360;11;"Точное";23,1;7,3
"325";2203655;10;"Точное";23,1;6,8
"326";2336410;17;"Точное";23,1;7,1
"327";2203655;7,2;"Точное";23,1;6,9
"328";2336526;3,5;"Точное";23,1;8,6
"329";2336360;8,7;"Точное";23,1;6,9
"330";2203655;8,2;"Точное";23,1;7
"331";2336360;9,1;"Точное";23,1;7,1
"332";2336728;12;"Точное";23,1;7,2
"333";2336526;3,8;"Точное";23,1;7,5
"334";2336360;9,8;"Точное";23,1;7,3
"335";2337170;1400;"Точное";23,1;6,8
"336";2336300;24;"Точное";23,1;7,4
"337";2336728;8,6;"Точное";23;7,1
"338";2336410;14;"Точное";23;7,2
"339";2336300;24;"Точное";23;7,5
"340";2336410;56;"Точное";23;6,9
"341";2336120;15;"Точное";23;7,2
"342";2203655;7,5;"Точное";23;7
"343";2203655;7,2;"Точное";23;6,9
"344";2203655;10;"Точное";23;6,9
"345";2336313;0,98;"Точное";23;7,2
"346";2203700;4,9;"Точное";23;7,2
"347";2203700;3,7;"Точное";23;7
"348";2336728;377;"Точное";23;6,5
"349";2336728;13;"Точное";23;7
"350";2336240;8,9;"Точное";23;7,3
"351";2203655;7,8;"Точное";23;7
"352";2336360;9,1;"Точное";23;7,1
"353";2336120;20;"Точное";23;NA
"354";2336526;3,6;"Точное";23;7,2
"355";2336526;4,8;"Точное";23;7,1
"356";2336410;14;"Точное";23;7,4
"357";2336300;20;"Точное";22,9;7,3
"358";2203655;8,2;"Точное";22,9;7
"359";2336240;11;"Точное";22,9;7
"360";2336728;33;"Точное";22,9;7
"361";2336120;10;"Точное";22,9;7,2
"362";2336526;3,6;"Точное";22,9;7,2
"363";2203655;7,5;"Точное";22,9;7
"364";2336526;4;"Точное";22,9;7,3
"365";2336313;0,77;"Точное";22,9;7,4
"366";2336240;11;"Точное";22,9;7,1
"367";2336728;12;"Точное";22,9;7,3
"368";2336728;12;"Точное";22,9;7,3
"369";2336300;30;"Точное";22,8;7,3
"370";2203655;12;"Точное";22,8;6,7
"371";2336728;13;"Точное";22,8;7
"372";2336410;147;"Точное";22,8;6,9
"373";2336240;10;"Точное";22,8;7,1
"374";2336728;16;"Точное";22,8;7,1
"375";2336120;16;"Точное";22,8;7,3
"376";2336360;12;"Точное";22,8;7
"377";2336526;3,6;"Точное";22,8;7,2
"378";2336300;32;"Точное";22,8;7,3
"379";2336120;17;"Точное";22,8;6,9
"380";2203700;4,6;"Точное";22,8;7,3
"381";2336240;12;"Точное";22,8;7,3
"382";2336410;14;"Точное";22,8;7,5
"383";2336360;9,1;"Точное";22,8;7,1
"384";2336526;5,2;"Точное";22,8;7,2
"385";2336526;4,8;"Точное";22,8;7,1
"386";2336360;11;"Точное";22,8;7,3
"387";2336120;352;"Точное";22,8;6,6
"388";2336526;3,6;"Точное";22,8;7,3
"389";2336410;14;"Точное";22,8;7,2
"390";2336240;12;"Точное";22,8;7,3
"391";2336410;19;"Точное";22,7;7
"392";2336300;21;"Точное";22,7;7,3
"393";2336410;11;"Точное";22,7;7,2
"394";2336313;0,82;"Точное";22,7;7,4
"395";2336728;16;"Точное";22,7;7
"396";2203700;5,3;"Точное";22,7;6,9
"397";2336360;8,7;"Точное";22,7;7,1
"398";2336240;12;"Точное";22,7;7,1
"399";2203655;7,8;"Точное";22,7;7
"400";2336120;13;"Точное";22,7;7,3
"401";2203655;303;"Точное";22,7;6,7
"402";2336360;11;"Точное";22,7;6,9
"403";2336728;13;"Точное";22,7;7
"404";2336313;0,73;"Точное";22,6;7,5
"405";2336120;13;"Точное";22,6;7,2
"406";2336410;44;"Точное";22,6;6,9
"407";2203700;3,7;"Точное";22,6;6,8
"408";2337170;1340;"Точное";22,6;6,9
"409";2336360;209;"Точное";22,6;6,7
"410";2336300;26;"Точное";22,6;7,6
"411";2336240;10;"Точное";22,6;7,2
"412";2336728;9,7;"Точное";22,6;7,2
"413";2336240;NA;"Точное";22,6;7,1
"414";2336240;NA;"Точное";22,6;7,2
"415";2336526;3,6;"Точное";22,6;8,1
"416";2336728;16;"Точное";22,6;7,2
"417";2336120;85;"Точное";22,6;6,5
"418";2336410;17;"Точное";22,6;7,2
"419";2336120;14;"Точное";22,5;7,1
"420";2336410;14;"Точное";22,5;7,3
"421";2336120;58;"Точное";22,5;6,6
"422";2336120;14;"Точное";22,5;7,3
"423";2336313;0,73;"Точное";22,5;7,5
"424";2203655;9,6;"Точное";22,5;7,4
"425";2336313;0,93;"Точное";22,5;7,1
"426";2336526;4,8;"Точное";22,5;7,2
"427";2336313;0,98;"Точное";22,5;7,2
"428";2336410;16;"Точное";22,5;7,4
"429";2336300;33;"Точное";22,5;7,3
"430";2336240;21;"Точное";22,5;7
"431";2203700;NA;"Точное";22,5;6,9
"432";2336313;1;"Точное";22,5;7,1
"433";2203700;6,1;"Точное";22,5;7,1
"434";2336526;5,5;"Точное";22,5;7,2
"435";2336410;11;"Точное";22,5;7,2
"436";2203700;4,9;"Точное";22,5;7,4
"437";2203655;NA;"Точное";22,5;6,9
"438";2336728;206;"Точное";22,5;6,9
"439";2336410;40;"Точное";22,4;6,9
"440";2336728;8,6;"Точное";22,4;7,1
"441";2336526;2,8;"Точное";22,4;7,4
"442";2336360;12;"Точное";22,4;7
"443";2203655;17;"Точное";22,4;6,5
"444";2336240;12;"Точное";22,4;7,1
"445";2336360;11;"Точное";22,4;7,2
"446";2336240;14;"Точное";22,4;7
"447";2336360;13;"Точное";22,4;7,2
"448";2336120;11;"Точное";22,4;7,2
"449";2336120;11;"Точное";22,4;7,1
"450";2336300;31;"Точное";22,4;7,3
"451";2336120;17;"Точное";22,4;6,9
"452";2336300;22;"Точное";22,4;NA
"453";2336120;98;"Точное";22,4;6,5
"454";2336526;5,2;"Точное";22,4;7,2
"455";2336240;12;"Точное";22,4;7
"456";2336410;13;"Точное";22,4;7,2
"457";2336526;2,8;"Точное";22,4;7,4
"458";2336240;8,9;"Точное";22,4;7,2
"459";2336410;13;"Точное";22,3;7,3
"460";2336120;14;"Точное";22,3;7,2
"461";2203655;7,2;"Точное";22,3;6,9
"462";2336300;30;"Точное";22,3;7,3
"463";2203700;6,7;"Точное";22,3;7,2
"464";2336360;NA;"Точное";22,3;7,2
"465";2336120;14;"Точное";22,3;7,2
"466";2336410;17;"Точное";22,3;7
"467";2336410;17;"Точное";22,3;7,2
"468";2203700;3,9;"Точное";22,3;6,8
"469";2336300;33;"Точное";22,3;7,3
"470";2336360;15;"Точное";22,3;6,8
"471";2336313;0,93;"Точное";22,3;7,2
"472";2336360;11;"Точное";22,2;7,3
"473";2336313;0,98;"Точное";22,2;7,2
"474";2336240;12;"Точное";22,2;7
"475";2336313;0,93;"Точное";22,2;7,2
"476";2336300;21;"Точное";22,2;7,3
"477";2336410;17;"Точное";22,2;7,1
"478";2336240;8,2;"Точное";22,2;7,1
"479";2336360;14;"Точное";22,2;7,2
"480";2336526;16;"Точное";22,2;6,9
"481";2336360;49;"Точное";22,2;6,9
"482";2203700;6,4;"Точное";22,2;6,9
"483";2336410;232;"Точное";22,2;6,7
"484";2203700;4,9;"Точное";22,2;7,2
"485";2336120;11;"Точное";22,2;7,1
"486";2336526;4,2;"Точное";22,2;7,2
"487";2336300;21;"Точное";22,2;7,4
"488";2203655;7,5;"Точное";22,1;6,9
"489";2336410;16;"Точное";22,1;7,4
"490";2336410;90;"Точное";22,1;6,8
"491";2336360;14;"Точное";22,1;7,2
"492";2336360;14;"Точное";22,1;7,2
"493";2336728;8,9;"Точное";22,1;7,2
"494";2203655;6,8;"Точное";22,1;6,9
"495";2203700;5,1;"Точное";22,1;6,9
"496";2336120;16;"Точное";22,1;7,3
"497";2336120;46;"Точное";22,1;6,6
"498";2336526;4;"Точное";22,1;7,3
"499";2336728;70;"Точное";22,1;6,7
"500";2336410;20;"Точное";22;6,8
"501";2336410;21;"Точное";22;6,8
"502";2336410;21;"Точное";22;6,8
"503";2336240;13;"Точное";22;7,2
"504";2336526;3,6;"Точное";22;8
"505";2336300;NA;"Точное";22;7,4
"506";2336526;4,2;"Точное";22;7,2
"507";2336410;17;"Точное";22;7,1
"508";2203655;7,5;"Точное";22;6,9
"509";2203655;6,8;"Точное";22;6,9
"510";2336728;16;"Точное";22;7,1
"511";2336120;14;"Точное";22;7,1
"512";2336410;211;"Точное";22;6,7
"513";2337170;1760;"Точное";22;7,1
"514";2336300;23;"Точное";22;7,4
"515";2336360;8,7;"Точное";22;7,1
"516";2336313;0,82;"Точное";22;7,4
"517";2336120;13;"Точное";22;7,1
"518";2336526;4,4;"Точное";21,9;7,6
"519";2336240;44;"Точное";21,9;6,9
"520";2336360;11;"Точное";21,9;7,1
"521";2336120;17;"Точное";21,9;7,1
"522";2203700;6,1;"Точное";21,9;7,1
"523";2203700;4,2;"Точное";21,9;6,9
"524";2336120;11;"Точное";21,9;7,1
"525";2336728;7,8;"Точное";21,9;7
"526";2336410;14;"Точное";21,9;NA
"527";2336360;11;"Точное";21,9;7
"528";2336300;21;"Точное";21,9;7,4
"529";2336313;1;"Точное";21,9;7,3
"530";2336728;21;"Точное";21,9;7
"531";2203655;7,5;"Точное";21,9;6,9
"532";2336360;10;"Точное";21,9;7,4
"533";2336410;13;"Точное";21,9;7,2
"534";2336410;35;"Точное";21,8;6,9
"535";2336120;28;"Точное";21,8;6,8
"536";2336240;8,5;"Точное";21,8;7,1
"537";2336240;10;"Точное";21,8;7,2
"538";2336120;10;"Точное";21,8;7,1
"539";2336313;1,1;"Точное";21,8;7,3
"540";2336313;1;"Точное";21,8;NA
"541";2203700;3,5;"Точное";21,8;6,9
"542";2336728;16;"Точное";21,8;7,1
"543";2336360;12;"Точное";21,8;7
"544";2336300;27;"Точное";21,8;7,5
"545";2337170;2630;"Точное";21,8;6,8
"546";2336410;14;"Точное";21,8;7,5
"547";2336300;27;"Точное";21,8;7,4
"548";2336240;62;"Точное";21,8;6,9
"549";2336240;8,2;"Точное";21,8;NA
"550";2336240;40;"Точное";21,8;6,9
"551";2336526;3,1;"Точное";21,8;7,7
"552";2336313;0,98;"Точное";21,8;7,2
"553";2336526;3,1;"Точное";21,8;7,6
"554";2336360;73;"Точное";21,8;6,6
"555";2336120;13;"Точное";21,8;7,1
"556";2336240;11;"Точное";21,8;7,1
"557";2336120;13;"Точное";21,8;7,2
"558";2336300;25;"Точное";21,8;7,6
"559";2336300;31;"Точное";21,8;7,3
"560";2336526;14;"Точное";21,8;7
"561";2337170;2610;"Точное";21,8;6,8
"562";2336313;0,98;"Точное";21,8;7,2
"563";2336360;9,8;"Точное";21,8;7,1
"564";2336120;11;"Точное";21,7;7,1
"565";2336120;11;"Точное";21,7;7,2
"566";2203700;5,8;"Точное";21,7;7,2
"567";2336410;17;"Точное";21,7;7,1
"568";2336120;12;"Точное";21,7;7
"569";2336728;16;"Точное";21,7;7,1
"570";2336728;20;"Точное";21,7;7
"571";2336526;4,2;"Точное";21,6;7,1
"572";2336240;15;"Точное";21,6;NA
"573";2203655;7,5;"Точное";21,6;6,9
"574";2337170;2570;"Точное";21,6;6,8
"575";2336313;0,93;"Точное";21,6;7,1
"576";2336313;0,77;"Точное";21,6;7,5
"577";2337170;2150;"Точное";21,6;6,9
"578";2336240;11;"Точное";21,6;7,1
"579";2336410;21;"Точное";21,6;6,8
"580";2336120;11;"Точное";21,6;7,1
"581";2336120;11;"Точное";21,6;7
"582";2336410;12;"Точное";21,6;7,2
"583";2336360;11;"Точное";21,6;6,9
"584";2336120;12;"Точное";21,6;7,1
"585";2336410;19;"Точное";21,5;7
"586";2336410;18;"Точное";21,5;7,1
"587";2336120;16;"Точное";21,5;7,2
"588";2203655;7,2;"Точное";21,5;6,9
"589";2336120;29;"Точное";21,5;6,8
"590";2203655;11;"Точное";21,5;7,1
"591";2336410;28;"Точное";21,5;7
"592";2336526;3,5;"Точное";21,5;8,6
"593";2337170;1730;"Точное";21,5;7,2
"594";2336360;8,7;"Точное";21,5;7,1
"595";2336120;13;"Точное";21,5;7,3
"596";2336240;8,2;"Точное";21,5;7,2
"597";2203700;6,1;"Точное";21,5;7,2
"598";2203700;3,7;"Точное";21,5;6,8
"599";2336526;3,8;"Точное";21,5;7,1
"600";2337170;2150;"Точное";21,5;6,8
"601";2336360;10;"Точное";21,5;7,3
"602";2336410;21;"Точное";21,5;6,8
"603";2203700;4;"Точное";21,4;7
"604";2336300;23;"Точное";21,4;7,4
"605";2336313;0,98;"Точное";21,4;7
"606";2337170;1340;"Точное";21,4;6,9
"607";2336120;15;"Точное";21,4;7,1
"608";2336410;NA;"Точное";21,4;7
"609";2336526;3,6;"Точное";21,4;7,8
"610";2336313;1,1;"Точное";21,4;7,2
"611";2336240;10;"Точное";21,4;7,1
"612";2336728;45;"Точное";21,4;6,8
"613";2203655;11;"Точное";21,4;7,1
"614";2336410;14;"Точное";21,4;7,2
"615";2337170;1720;"Точное";21,4;7,1
"616";2336120;14;"Точное";21,4;7,2
"617";2203700;NA;"Точное";21,4;6,8
"618";2336300;32;"Точное";21,4;7,3
"619";2336526;102;"Точное";21,3;6,7
"620";2336240;13;"Точное";21,3;7,2
"621";2336120;12;"Точное";21,3;7,4
"622";2203700;4,4;"Точное";21,3;6,8
"623";2336410;32;"Точное";21,3;6,9
"624";2336360;17;"Точное";21,3;7,1
"625";2337170;1670;"Точное";21,3;7,2
"626";2336410;22;"Точное";21,3;6,9
"627";2336526;3,6;"Точное";21,3;7,4
"628";2203700;5,1;"Точное";21,3;7,3
"629";2203655;133;"Точное";21,3;6,6
"630";2336526;3,6;"Точное";21,3;7,6
"631";2336120;13;"Точное";21,3;7,1
"632";2203655;8,5;"Точное";21,3;NA
"633";2336120;13;"Точное";21,3;7,2
"634";2336120;12;"Точное";21,3;7
"635";2336410;16;"Точное";21,3;7,1
"636";2203655;32;"Точное";21,3;6,4
"637";2336313;0,98;"Точное";21,3;7,2
"638";2336240;9,2;"Точное";21,3;7,3
"639";2336360;12;"Точное";21,3;7
"640";2336300;31;"Точное";21,3;7,3
"641";2336240;8,5;"Точное";21,2;NA
"642";2203655;18;"Точное";21,2;NA
"643";2337170;1350;"Точное";21,2;6,9
"644";2336120;11;"Точное";21,2;7,2
"645";2336728;8,9;"Точное";21,2;7,1
"646";2336360;11;"Точное";21,2;7
"647";2336728;12;"Точное";21,2;7,1
"648";2336313;0,93;"Точное";21,2;7,2
"649";2336360;11;"Точное";21,2;7
"650";2203700;4,4;"Точное";21,2;6,8
"651";2336300;31;"Точное";21,2;7,3
"652";2336410;14;"Точное";21,2;7,2
"653";2203655;29;"Точное";21,2;6,4
"654";2337170;1350;"Точное";21,2;6,9
"655";2336240;11;"Точное";21,1;7,1
"656";2336120;11;"Точное";21,1;7,2
"657";2336360;13;"Точное";21,1;7,1
"658";2336728;8,9;"Точное";21,1;7,1
"659";2336728;12;"Точное";21,1;7,1
"660";2203700;18;"Точное";21,1;6,6
"661";2203655;13;"Точное";21,1;6,7
"662";2336120;15;"Точное";21,1;7,2
"663";2203655;8,5;"Точное";21,1;7
"664";2336120;13;"Точное";21,1;7,2
"665";2336120;13;"Точное";21,1;7,2
"666";2337170;1600;"Точное";21,1;7,1
"667";2336120;16;"Точное";21,1;7,1
"668";2203655;28;"Точное";21,1;6,4
"669";2203700;5,1;"Точное";21,1;7,1
"670";2336240;13;"Точное";21,1;7,2
"671";2336313;0,77;"Точное";21,1;7,5
"672";2336360;12;"Точное";21,1;6,9
"673";2203700;6,1;"Точное";21,1;7,2
"674";2336313;0,93;"Точное";21;7,1
"675";2203655;11;"Точное";21;7,1
"676";2336240;11;"Точное";21;7,2
"677";2336240;11;"Точное";21;7,2
"678";2336240;14;"Точное";21;7
"679";2336526;3,8;"Точное";21;7,1
"680";2336240;11;"Точное";21;7,2
"681";2336240;10;"Точное";21;7,2
"682";2336300;23;"Точное";21;7,4
"683";2336728;8,9;"Точное";21;7,1
"684";2336360;12;"Точное";21;7
"685";2337170;1700;"Точное";21;7,1
"686";2203655;NA;"Точное";21;6,9
"687";2203700;3,9;"Точное";21;6,8
"688";2337170;4340;"Точное";21;6,8
"689";2336410;17;"Точное";21;7,2
"690";2336360;11;"Точное";21;7,2
"691";2336360;65;"Точное";21;6,6
"692";2336120;191;"Точное";20,9;6,3
"693";2336120;39;"Точное";20,9;7
"694";2336120;12;"Точное";20,9;7
"695";2336240;NA;"Точное";20,9;7,2
"696";2336120;1060;"Точное";20,9;6,3
"697";2203655;7,5;"Точное";20,9;7
"698";2336728;12;"Точное";20,9;7,1
"699";2336240;11;"Точное";20,9;7,1
"700";2337170;4270;"Точное";20,9;6,8
"701";2336313;0,93;"Точное";20,9;7,1
"702";2336410;19;"Точное";20,9;7
"703";2336410;370;"Точное";20,9;6,7
"704";2336240;247;"Точное";20,9;6,8
"705";2336728;8,9;"Точное";20,9;7,1
"706";2336240;10;"Точное";20,9;7,2
"707";2203700;4,9;"Точное";20,9;NA
"708";2336300;31;"Точное";20,9;7,2
"709";2336728;12;"Точное";20,9;7,2
"710";2336526;4;"Точное";20,8;7
"711";2336313;0,93;"Точное";20,8;7,1
"712";2336120;15;"Точное";20,8;7,2
"713";2203655;13;"Точное";20,8;6,7
"714";2336313;1;"Точное";20,8;7
"715";2203700;24;"Точное";20,8;7
"716";2336300;33;"Точное";20,8;7,3
"717";2336313;0,93;"Точное";20,8;7,1
"718";2336120;11;"Точное";20,8;7,1
"719";2336240;11;"Точное";20,8;NA
"720";2336410;14;"Точное";20,8;7,2
"721";2336728;8,2;"Точное";20,8;7,1
"722";2336240;11;"Точное";20,8;7,1
"723";2203700;4,2;"Точное";20,8;6,8
"724";2203655;11;"Точное";20,8;7,2
"725";2336313;1;"Точное";20,8;7,3
"726";2336526;4;"Точное";20,8;7
"727";2336120;13;"Точное";20,8;7,2
"728";2203655;13;"Точное";20,8;7,2
"729";2337170;1780;"Точное";20,7;7
"730";2336410;14;"Точное";20,7;7,3
"731";2336526;3,6;"Точное";20,7;7,8
"732";2336526;3,6;"Точное";20,7;7,2
"733";2336300;32;"Точное";20,7;7,2
"734";2337170;2210;"Точное";20,7;6,8
"735";2336410;21;"Точное";20,7;6,8
"736";2336360;11;"Точное";20,7;7,1
"737";2336240;10;"Точное";20,7;7,2
"738";2336728;40;"Точное";20,7;6,8
"739";2336313;0,82;"Точное";20,7;7,6
"740";2336728;8,2;"Точное";20,7;7
"741";2336313;1;"Точное";20,7;7,2
"742";2336360;10;"Точное";20,7;7,2
"743";2203655;7,8;"Точное";20,6;7
"744";2336360;13;"Точное";20,6;7,1
"745";2336728;12;"Точное";20,6;7,2
"746";2336313;0,98;"Точное";20,6;7,2
"747";2337170;2360;"Точное";20,6;6,8
"748";2336360;14;"Точное";20,6;7,2
"749";2336360;25;"Точное";20,6;7
"750";2337170;1730;"Точное";20,6;7
"751";2336526;4,8;"Точное";20,6;7,7
"752";2203655;8,2;"Точное";20,6;7
"753";2203655;102;"Точное";20,6;7,1
"754";2336300;31;"Точное";20,6;7,3
"755";2336313;1;"Точное";20,6;7,2
"756";2336240;8,9;"Точное";20,6;7,2
"757";2337170;5320;"Точное";20,6;6,5
"758";2203700;4,6;"Точное";20,6;7,4
"759";2203700;3,7;"Точное";20,6;6,8
"760";2336410;79;"Точное";20,6;6,8
"761";2337170;2870;"Точное";20,6;NA
"762";2336526;3,6;"Точное";20,6;7,2
"763";2336526;3,6;"Точное";20,6;7,8
"764";2336360;9,8;"Точное";20,6;NA
"765";2336728;8,9;"Точное";20,6;7,1
"766";2336300;35;"Точное";20,6;7,2
"767";2336240;11;"Точное";20,6;7,1
"768";2336410;14;"Точное";20,6;7,3
"769";2336240;10;"Точное";20,6;7,2
"770";2337170;1580;"Точное";20,6;6,9
"771";2336728;12;"Точное";20,5;7,2
"772";2337170;5540;"Точное";20,5;6,5
"773";2203655;8,2;"Точное";20,5;7
"774";2337170;4120;"Точное";20,5;6,8
"775";2336240;8,5;"Точное";20,5;7,2
"776";2337170;4330;"Точное";20,5;6,6
"777";2336728;36;"Точное";20,5;6,9
"778";2336410;14;"Точное";20,5;7,2
"779";2336240;8,9;"Точное";20,5;7,3
"780";2336360;9,8;"Точное";20,5;7,1
"781";2203700;4,4;"Точное";20,5;6,8
"782";2337170;7190;"Точное";20,5;6,3
"783";2336300;30;"Точное";20,5;7,3
"784";2336728;8,2;"Точное";20,5;7
"785";2336300;31;"Точное";20,5;7,3
"786";2336313;1;"Точное";20,4;7,2
"787";2336240;9,2;"Точное";20,4;7,2
"788";2336240;9,9;"Точное";20,4;7,2
"789";2336313;0,98;"Точное";20,4;7
"790";2336120;338;"Точное";20,4;6,2
"791";2336410;19;"Точное";20,4;7
"792";2336120;11;"Точное";20,4;7,2
"793";2336120;16;"Точное";20,4;7,1
"794";2336526;4,2;"Точное";20,4;7,1
"795";2337170;3220;"Точное";20,4;6,6
"796";2336120;12;"Точное";20,4;6,8
"797";2336410;20;"Точное";20,4;6,8
"798";2336120;15;"Точное";20,4;7,1
"799";2336120;1010;"Точное";20,4;6,3
"800";2203700;4,4;"Точное";20,4;6,8
"801";2336120;16;"Точное";20,4;7,1
"802";2336120;11;"Точное";20,4;7,1
"803";2336240;12;"Точное";20,3;7,3
"804";2203700;4,6;"Точное";20,3;6,9
"805";2203700;3,7;"Точное";20,3;6,9
"806";2336410;19;"Точное";20,3;7
"807";2336526;4,8;"Точное";20,3;7,4
"808";2336728;15;"Точное";20,3;7
"809";2336120;15;"Точное";20,3;7,1
"810";2336728;8,9;"Точное";20,3;7,1
"811";2336300;35;"Точное";20,3;7,2
"812";2336728;16;"Точное";20,3;7,1
"813";2336313;1,1;"Точное";20,3;7,2
"814";2337170;2960;"Точное";20,3;6,6
"815";2203700;4,4;"Точное";20,3;6,9
"816";2336313;1;"Точное";20,3;7,2
"817";2337170;2760;"Точное";20,3;6,6
"818";2203700;4,6;"Точное";20,3;6,8
"819";2336313;1;"Точное";20,3;7,3
"820";2337170;2900;"Точное";20,2;6,9
"821";2336526;4,2;"Точное";20,2;6,9
"822";2337170;1760;"Точное";20,2;7
"823";2336120;15;"Точное";20,2;7,2
"824";2203700;4,6;"Точное";20,2;7,3
"825";2336313;1,1;"Точное";20,2;7,1
"826";2336120;11;"Точное";20,2;7,2
"827";2336120;12;"Точное";20,2;6,7
"828";2336300;31;"Точное";20,2;7,3
"829";2336526;4,8;"Точное";20,2;7,6
"830";2337170;2670;"Точное";20,2;6,8
"831";2203700;4,2;"Точное";20,2;6,8
"832";2336313;1;"Точное";20,2;7,2
"833";2336410;21;"Точное";20,2;7,2
"834";2336240;8,9;"Точное";20,2;7,2
"835";2336313;0,98;"Точное";20,1;7,3
"836";2337170;1760;"Точное";20,1;7,1
"837";2336240;11;"Точное";20,1;7,2
"838";2203655;19;"Точное";20,1;6,4
"839";2336410;14;"Точное";20,1;7,2
"840";2337170;1410;"Точное";20,1;6,8
"841";2337170;1410;"Точное";20,1;6,8
"842";2336120;12;"Точное";20,1;6,7
"843";2203655;12;"Точное";20,1;7,1
"844";2336728;15;"Точное";20;7
"845";2336120;17;"Точное";20;7,2
"846";2337170;4000;"Точное";20;6,8
"847";2336526;58;"Точное";20;6,8
"848";2336360;11;"Точное";20;7,1
"849";2203700;4,6;"Точное";20;NA
"850";2203655;11;"Точное";20;7,1
"851";2337170;1410;"Точное";20;6,9
"852";2336120;17;"Точное";20;7,3
"853";2336313;0,98;"Точное";20;7,3
"854";2336240;12;"Точное";20;7,2
"855";2336728;9,3;"Точное";20;7,1
"856";2336526;3,6;"Точное";20;9
"857";2203655;8,2;"Точное";19,9;7
"858";2336360;13;"Точное";19,9;7,1
"859";2203655;11;"Точное";19,9;7,2
"860";2336410;21;"Точное";19,9;7,1
"861";2336120;16;"Точное";19,9;7,1
"862";2336728;15;"Точное";19,9;7
"863";2336240;9,2;"Точное";19,9;7,2
"864";2336410;21;"Точное";19,9;7,1
"865";2203700;4,4;"Точное";19,9;NA
"866";2203655;8,8;"Точное";19,9;7
"867";2336728;11;"Точное";19,9;7,3
"868";2336120;16;"Точное";19,9;NA
"869";2336410;22;"Точное";19,9;6,9
"870";2337170;1730;"Точное";19,9;NA
"871";2203700;4,4;"Точное";19,9;6,9
"872";2203700;24;"Точное";19,9;6,8
"873";2336526;9,8;"Точное";19,8;7,1
"874";2336313;1;"Точное";19,8;7
"875";2203700;3,9;"Точное";19,8;6,8
"876";2203655;8,8;"Точное";19,8;7
"877";2336526;3,6;"Точное";19,8;7,2
"878";2336360;13;"Точное";19,8;7,3
"879";2337170;1420;"Точное";19,8;6,9
"880";2336526;3,6;"Точное";19,8;8,9
"881";2336120;13;"Точное";19,7;7,2
"882";2336526;4;"Точное";19,7;7
"883";2336526;5,2;"Точное";19,7;7,5
"884";2336240;11;"Точное";19,7;7,2
"885";2336300;26;"Точное";19,7;7,4
"886";2336120;16;"Точное";19,7;NA
"887";2336313;1;"Точное";19,7;7,2
"888";2336240;9,2;"Точное";19,7;7,3
"889";2336360;13;"Точное";19,7;7,3
"890";2336360;14;"Точное";19,7;7,1
"891";2336120;16;"Точное";19,7;7,1
"892";2203655;11;"Точное";19,7;7,1
"893";2336313;0,98;"Точное";19,7;7,2
"894";2336240;13;"Точное";19,7;7,3
"895";2203700;4,4;"Точное";19,6;6,9
"896";2336410;14;"Точное";19,6;7,2
"897";2336120;16;"Точное";19,6;7,1
"898";2336313;1;"Точное";19,6;7,2
"899";2336120;13;"Точное";19,6;7,2
"900";2336360;14;"Точное";19,6;7,1
"901";2336240;12;"Точное";19,6;7,2
"902";2336410;21;"Точное";19,6;7
"903";2203700;5,3;"Точное";19,6;7
"904";2336240;917;"Точное";19,6;6,6
"905";2336526;3,6;"Точное";19,6;7,2
"906";2336728;10;"Точное";19,6;7,1
"907";2336300;34;"Точное";19,6;7,2
"908";2336240;1170;"Точное";19,5;6,6
"909";2336240;1380;"Точное";19,5;6,6
"910";2336240;2560;"Точное";19,5;6,6
"911";2336120;18;"Точное";19,5;7,2
"912";2336526;67;"Точное";19,5;7
"913";2336300;33;"Точное";19,4;7,3
"914";2336526;2650;"Точное";19,4;6,4
"915";2203700;5,8;"Точное";19,4;7
"916";2336300;25;"Точное";19,4;7,6
"917";2336120;17;"Точное";19,4;7,2
"918";2203700;5,1;"Точное";19,4;7,2
"919";2336120;16;"Точное";19,4;7,1
"920";2336526;3,6;"Точное";19,4;7,2
"921";2203700;11;"Точное";19,4;7,1
"922";2336313;1;"Точное";19,4;7,2
"923";2336526;4,2;"Точное";19,4;7
"924";2336313;1;"Точное";19,4;7,2
"925";2336410;22;"Точное";19,4;6,8
"926";2336728;9,3;"Точное";19,4;7,1
"927";2336313;1,3;"Точное";19,3;7,2
"928";2336410;22;"Точное";19,3;7,2
"929";2336360;NA;"Точное";19,3;7,2
"930";2203700;3,9;"Точное";19,3;6,8
"931";2336526;5,2;"Точное";19,3;7,4
"932";2336240;13;"Точное";19,3;7,1
"933";2203700;4,6;"Точное";19,3;7,2
"934";2336410;NA;"Точное";19,3;7,2
"935";2336728;15;"Точное";19,3;7
"936";2336300;26;"Точное";19,2;7,6
"937";2336240;12;"Точное";19,2;7,3
"938";2336240;9,5;"Точное";19,2;7,3
"939";2336120;17;"Точное";19,2;7,1
"940";2336410;22;"Точное";19,2;7,2
"941";2336300;26;"Точное";19,2;7,4
"942";2336120;16;"Точное";19,2;7,1
"943";2336300;31;"Точное";19,2;7,3
"944";2336313;1;"Точное";19,1;7
"945";2336300;27;"Точное";19,1;7,6
"946";2336120;16;"Точное";19,1;7
"947";2203655;7,8;"Точное";19,1;7
"948";2336728;NA;"Точное";19,1;7,1
"949";2336300;34;"Точное";19,1;7,3
"950";2336410;16;"Точное";19,1;7,3
"951";2203700;4,9;"Точное";19,1;6,8
"952";2203700;5,1;"Точное";19,1;7,3
"953";2336240;12;"Точное";19,1;7,2
"954";2336410;22;"Точное";19,1;7,1
"955";2336300;27;"Точное";19,1;7,4
"956";2336360;13;"Точное";19;7,3
"957";2336526;3,6;"Точное";19;7,6
"958";2336360;9,8;"Точное";19;7,1
"959";2336410;16;"Точное";19;7,4
"960";2336313;0,98;"Точное";19;7,2
"961";2336120;16;"Точное";19;7
"962";2336526;255;"Точное";19;6,8
"963";2336526;3,6;"Точное";19;7,5
"964";2336120;16;"Точное";19;7
"965";2336728;9,7;"Точное";18,9;7,1
"966";2336300;31;"Точное";18,9;7,3
"967";2336120;13;"Точное";18,9;7,3
"968";2336120;13;"Точное";18,9;7,2
"969";2336360;11;"Точное";18,9;7,3
"970";2336410;22;"Точное";18,9;7,1
"971";2203700;4,6;"Точное";18,9;7,1
"972";2336120;12;"Точное";18,9;7,1
"973";2336360;485;"Точное";18,9;6,8
"974";2203655;11;"Точное";18,9;7,1
"975";2336120;13;"Точное";18,9;7,3
"976";2336120;13;"Точное";18,9;7,3
"977";2203700;7,9;"Точное";18,9;7,2
"978";2336728;11;"Точное";18,9;7,2
"979";2336410;16;"Точное";18,9;7,4
"980";2336300;32;"Точное";18,9;7,3
"981";2336300;27;"Точное";18,8;7,6
"982";2203700;6,1;"Точное";18,8;7,1
"983";2336313;1;"Точное";18,8;7,2
"984";2336313;1;"Точное";18,8;7
"985";2336240;10;"Точное";18,8;NA
"986";2336120;19;"Точное";18,8;7,1
"987";2203700;4,2;"Точное";18,8;6,9
"988";2336728;10;"Точное";18,8;7,2
"989";2203700;7,9;"Точное";18,8;7,1
"990";2336300;29;"Точное";18,8;7,6
"991";2336360;9,8;"Точное";18,8;7,1
"992";2336120;12;"Точное";18,8;7,1
"993";2336300;31;"Точное";18,8;7,3
"994";2336360;11;"Точное";18,8;7,3
"995";2336313;1;"Точное";18,8;7,3
"996";2336300;33;"Точное";18,7;7,3
"997";2336300;33;"Точное";18,7;7,3
"998";2203700;NA;"Точное";18,7;6,9
"999";2336526;5,5;"Точное";18,7;7,2
"1000";2336410;22;"Точное";18,7;6,8
"1001";2336240;13;"Точное";18,7;7,2
"1002";2336360;177;"Точное";18,7;6,7
"1003";2336300;30;"Точное";18,7;7,6
"1004";2336240;8,9;"Точное";18,7;7,2
"1005";2337170;1390;"Точное";18,7;6,9
"1006";2336313;1;"Точное";18,7;7,1
"1007";2337170;2860;"Точное";18,7;6,9
"1008";2336526;5,7;"Точное";18,7;7,3
"1009";2336313;1;"Точное";18,7;7,3
"1010";2336728;40;"Точное";18,7;6,9
"1011";2336360;446;"Точное";18,7;6,7
"1012";2336410;16;"Точное";18,7;7,3
"1013";2336728;129;"Точное";18,6;7
"1014";2336410;333;"Точное";18,6;6,6
"1015";2336526;3,8;"Точное";18,6;8
"1016";2336728;11;"Точное";18,6;7,2
"1017";2336728;38;"Точное";18,6;6,9
"1018";2203700;24;"Точное";18,6;6,7
"1019";2336300;26;"Точное";18,6;7,6
"1020";2336300;32;"Точное";18,6;7,2
"1021";2336526;3,6;"Точное";18,6;7,2
"1022";2336120;17;"Точное";18,6;7,1
"1023";2336410;22;"Точное";18,6;6,8
"1024";2336313;1;"Точное";18,6;7
"1025";2336120;16;"Точное";18,6;7,1
"1026";2203700;5,8;"Точное";18,5;7
"1027";2336360;14;"Точное";18,5;7
"1028";2336240;27;"Точное";18,5;7
"1029";2336313;1,2;"Точное";18,5;7
"1030";2336410;15;"Точное";18,5;7,3
"1031";2336240;10;"Точное";18,5;7,3
"1032";2336360;10;"Точное";18,5;NA
"1033";2203700;4,9;"Точное";18,5;7,2
"1034";2336410;284;"Точное";18,5;6,7
"1035";2203655;8,8;"Точное";18,5;7
"1036";2336120;16;"Точное";18,5;7,1
"1037";2203655;8,5;"Точное";18,4;7
"1038";2203700;4,2;"Точное";18,4;7
"1039";2336120;19;"Точное";18,4;7,1
"1040";2336526;3,8;"Точное";18,4;8
"1041";2336240;12;"Точное";18,4;7,2
"1042";2336300;27;"Точное";18,4;7,6
"1043";2336120;17;"Точное";18,4;7,2
"1044";2203700;4,6;"Точное";18,3;6,8
"1045";2336313;1,1;"Точное";18,3;7,1
"1046";2336526;NA;"Точное";18,3;6,9
"1047";2336728;369;"Точное";18,3;6,7
"1048";2336300;27;"Точное";18,3;7,6
"1049";2336410;16;"Точное";18,3;7,3
"1050";2203655;12;"Точное";18,3;7,2
"1051";2336410;15;"Точное";18,3;7,3
"1052";2336120;17;"Точное";18,3;7,2
"1053";2203700;4,4;"Точное";18,2;7
"1054";2203700;5,1;"Точное";18,2;7,1
"1055";2203655;8,5;"Точное";18,2;7
"1056";2336360;14;"Точное";18,2;7,3
"1057";2336120;38;"Точное";18,2;6,7
"1058";2336240;10;"Точное";18,2;7,3
"1059";2336728;9,7;"Точное";18,2;7,1
"1060";2336300;31;"Точное";18,2;7,2
"1061";2336300;31;"Точное";18,2;7,2
"1062";2336410;14;"Точное";18,2;NA
"1063";2203700;NA;"Точное";18,2;7,2
"1064";2336410;64;"Точное";18,2;6,9
"1065";2337170;1390;"Точное";18,2;6,9
"1066";2336120;18;"Точное";18,1;NA
"1067";2336728;12;"Точное";18,1;7,2
"1068";2336360;10;"Точное";18,1;7,1
"1069";2203700;4,6;"Точное";18,1;6,8
"1070";2336240;30;"Точное";18,1;7
"1071";2336360;10;"Точное";18,1;7,4
"1072";2336300;39;"Точное";18,1;7,3
"1073";2203700;4,9;"Точное";18;7,2
"1074";2336313;1;"Точное";18;7,2
"1075";2336410;22;"Точное";18;7
"1076";2336410;15;"Точное";18;7,2
"1077";2336410;15;"Точное";18;7,2
"1078";2336300;27;"Точное";18;7,6
"1079";2336526;437;"Точное";18;6,6
"1080";2203655;8,5;"Точное";18;7
"1081";2336728;9,7;"Точное";18;7,1
"1082";2336120;12;"Точное";17,9;7,3
"1083";2203655;26;"Точное";17,9;NA
"1084";2336313;1,2;"Точное";17,9;7
"1085";2336313;1,1;"Точное";17,9;7,2
"1086";2203700;4,6;"Точное";17,9;6,8
"1087";2336526;3,6;"Точное";17,9;7,6
"1088";2336526;4,4;"Точное";17,9;7
"1089";2336313;1,2;"Точное";17,9;7,1
"1090";2336240;10;"Точное";17,9;NA
"1091";2203700;6,4;"Точное";17,9;7
"1092";2336240;13;"Точное";17,9;7,2
"1093";2336240;13;"Точное";17,9;7,2
"1094";2203655;12;"Точное";17,9;7,2
"1095";2336526;5,5;"Точное";17,9;7,1
"1096";2336526;4,6;"Точное";17,9;7,1
"1097";2336410;22;"Точное";17,8;7
"1098";2336313;1;"Точное";17,8;NA
"1099";2336300;36;"Точное";17,8;7,3
"1100";2203700;6,1;"Точное";17,8;NA
"1101";2336240;NA;"Точное";17,8;NA
"1102";2336240;15;"Точное";17,8;7,2
"1103";2336120;22;"Точное";17,8;7
"1104";2336410;16;"Точное";17,8;7,2
"1105";2336410;15;"Точное";17,8;7,2
"1106";2336728;12;"Точное";17,8;7,2
"1107";2336728;309;"Точное";17,8;6,6
"1108";2336240;15;"Точное";17,8;7,2
"1109";2337170;3370;"Точное";17,8;6,9
"1110";2337170;1420;"Точное";17,8;7
"1111";2336240;13;"Точное";17,7;7,2
"1112";2336526;3,8;"Точное";17,7;7,5
"1113";2336240;13;"Точное";17,7;7,2
"1114";2203655;12;"Точное";17,7;7,2
"1115";2336120;13;"Точное";17,7;7,3
"1116";2336240;428;"Точное";17,7;6,9
"1117";2203700;4,2;"Точное";17,7;7
"1118";2203655;13;"Точное";17,7;7,2
"1119";2336240;10;"Точное";17,7;7,3
"1120";2336120;57;"Точное";17,7;6,8
"1121";2336120;18;"Точное";17,7;7,2
"1122";2336240;15;"Точное";17,7;7,2
"1123";2336526;3,6;"Точное";17,7;7,6
"1124";2336300;27;"Точное";17,6;7,6
"1125";2336360;10;"Точное";17,6;7,4
"1126";2336526;5,5;"Точное";17,6;7,1
"1127";2336410;42;"Точное";17,6;6,9
"1128";2336240;13;"Точное";17,6;7,1
"1129";2336120;58;"Точное";17,6;6,8
"1130";2336313;1;"Точное";17,6;7,2
"1131";2336120;12;"Точное";17,6;7,2
"1132";2336120;22;"Точное";17,6;7
"1133";2336360;14;"Точное";17,6;7,2
"1134";2336300;25;"Точное";17,6;7,6
"1135";2203700;4;"Точное";17,6;6,8
"1136";2336410;16;"Точное";17,6;7,2
"1137";2336360;31;"Точное";17,6;7
"1138";2336526;4,4;"Точное";17,6;7
"1139";2203700;6,1;"Точное";17,6;7
"1140";2336410;28;"Точное";17,5;7
"1141";2337170;3430;"Точное";17,5;6,8
"1142";2336313;1,1;"Точное";17,5;7,2
"1143";2336313;0,93;"Точное";17,5;7,1
"1144";2336120;14;"Точное";17,5;7,3
"1145";2336300;34;"Точное";17,5;7,3
"1146";2336300;33;"Точное";17,5;7,3
"1147";2336526;4,4;"Точное";17,4;6,9
"1148";2336360;14;"Точное";17,4;7,2
"1149";2336410;28;"Точное";17,4;7,1
"1150";2337170;4710;"Точное";17,4;6,8
"1151";2336240;NA;"Точное";17,4;7,4
"1152";2336728;188;"Точное";17,4;6,7
"1153";2336300;38;"Точное";17,4;7,3
"1154";2203655;12;"Точное";17,4;7,2
"1155";2336526;5,9;"Точное";17,3;7,7
"1156";2336526;4,4;"Точное";17,3;6,9
"1157";2336526;4,4;"Точное";17,3;6,9
"1158";2336360;11;"Точное";17,3;7,3
"1159";2203700;4;"Точное";17,3;6,8
"1160";2336360;14;"Точное";17,3;7,1
"1161";2337170;3330;"Точное";17,3;6,8
"1162";2336313;1,4;"Точное";17,3;7,4
"1163";2336410;29;"Точное";17,3;7,1
"1164";2336313;1,3;"Точное";17,2;7,1
"1165";2336300;33;"Точное";17,2;7,3
"1166";2336360;11;"Точное";17,2;7,1
"1167";2336410;15;"Точное";17,2;7,5
"1168";2336526;3,6;"Точное";17,2;7,6
"1169";2203655;13;"Точное";17,2;7,2
"1170";2336728;11;"Точное";17,2;7,1
"1171";2203655;12;"Точное";17,1;7,2
"1172";2336360;10;"Точное";17,1;7,1
"1173";2203700;21;"Точное";17,1;6,6
"1174";2203700;24;"Точное";17,1;6,7
"1175";2336526;4,6;"Точное";17,1;7,2
"1176";2336120;191;"Точное";17;6,4
"1177";2336120;23;"Точное";17;7
"1178";2336300;27;"Точное";17;7,6
"1179";2336240;10;"Точное";17;7,4
"1180";2337170;3700;"Точное";17;6,9
"1181";2336360;11;"Точное";17;7,1
"1182";2336240;22;"Точное";16,9;7
"1183";2336410;16;"Точное";16,9;7,2
"1184";2336526;6,9;"Точное";16,9;6,9
"1185";2336360;19;"Точное";16,9;6,9
"1186";2336313;1;"Точное";16,9;7,2
"1187";2203700;6,1;"Точное";16,8;7
"1188";2203655;14;"Точное";16,8;7,1
"1189";2203700;4;"Точное";16,8;7
"1190";2203655;10;"Точное";16,8;7,1
"1191";2337170;4390;"Точное";16,8;6,8
"1192";2337170;1910;"Точное";16,8;7
"1193";2336728;62;"Точное";16,8;6,8
"1194";2336410;NA;"Точное";16,8;7
"1195";2336240;14;"Точное";16,8;7,2
"1196";2336300;25;"Точное";16,8;7,5
"1197";2203655;8,5;"Точное";16,8;7
"1198";2203700;4,2;"Точное";16,8;6,9
"1199";2337170;4450;"Точное";16,8;6,9
"1200";2336300;33;"Точное";16,8;7,3
"1201";2336240;12;"Точное";16,8;7,2
"1202";2336300;27;"Точное";16,8;7,5
"1203";2203700;5,3;"Точное";16,8;7
"1204";2336410;98;"Точное";16,8;6,7
"1205";2336360;36;"Точное";16,8;6,9
"1206";2203655;NA;"Точное";16,8;7,2
"1207";2336240;13;"Точное";16,7;7,2
"1208";2336728;11;"Точное";16,7;7,1
"1209";2336300;27;"Точное";16,7;7,5
"1210";2336728;11;"Точное";16,7;7,1
"1211";2336240;12;"Точное";16,7;7,2
"1212";2336120;17;"Точное";16,7;7,1
"1213";2336300;28;"Точное";16,7;7,7
"1214";2336360;39;"Точное";16,7;6,8
"1215";2336410;26;"Точное";16,7;7
"1216";2337170;2450;"Точное";16,7;6,9
"1217";2336526;80;"Точное";16,7;6,5
"1218";2336240;NA;"Точное";16,7;7
"1219";2336240;10;"Точное";16,7;7,3
"1220";2337170;3080;"Точное";16,6;6,9
"1221";2336120;14;"Точное";16,6;7,3
"1222";2337170;1880;"Точное";16,6;6,9
"1223";2203655;10;"Точное";16,6;7,1
"1224";2337170;4420;"Точное";16,6;6,8
"1225";2336240;9,5;"Точное";16,6;7,2
"1226";2203700;22;"Точное";16,6;6,6
"1227";2336360;19;"Точное";16,6;6,9
"1228";2203700;4;"Точное";16,6;6,9
"1229";2336120;30;"Точное";16,5;6,8
"1230";2336240;12;"Точное";16,5;7,2
"1231";2336313;1,1;"Точное";16,5;7,3
"1232";2336300;27;"Точное";16,5;7,5
"1233";2336728;11;"Точное";16,5;7,2
"1234";2336313;1;"Точное";16,5;7,2
"1235";2336526;3,6;"Точное";16,5;8,2
"1236";2336526;3,8;"Точное";16,5;7,2
"1237";2203655;91;"Точное";16,5;6,8
"1238";2336120;99;"Точное";16,5;6,5
"1239";2337170;4380;"Точное";16,5;6,8
"1240";2336410;16;"Точное";16,4;7,2
"1241";2336410;16;"Точное";16,4;7,2
"1242";2336526;6,7;"Точное";16,4;6,9
"1243";2336120;13;"Точное";16,4;7,2
"1244";2336410;22;"Точное";16,4;7
"1245";2336526;3,8;"Точное";16,4;7,6
"1246";2336526;3,8;"Точное";16,4;8,1
"1247";2336313;1;"Точное";16,4;7,2
"1248";2336120;30;"Точное";16,4;6,8
"1249";2203700;4,4;"Точное";16,4;6,9
"1250";2336526;3,6;"Точное";16,4;8,1
"1251";2336526;4,2;"Точное";16,3;7,3
"1252";2336410;16;"Точное";16,3;7,4
"1253";2336300;27;"Точное";16,3;7,4
"1254";2336300;28;"Точное";16,3;7,6
"1255";2337170;4700;"Точное";16,3;6,8
"1256";2337170;6370;"Точное";16,3;6,6
"1257";2203700;4,4;"Точное";16,3;6,9
"1258";2203700;4,2;"Точное";16,3;6,8
"1259";2203700;5,1;"Точное";16,3;7,1
"1260";2336313;1,2;"Точное";16,2;7,2
"1261";2336120;13;"Точное";16,2;7,3
"1262";2337170;6130;"Точное";16,2;6,7
"1263";2336728;10;"Точное";16,2;7,1
"1264";2336313;NA;"Точное";16,2;7,2
"1265";2336120;14;"Точное";16,2;7,3
"1266";2336410;23;"Точное";16,2;7
"1267";2203700;4,6;"Точное";16,2;6,9
"1268";2336240;19;"Точное";16,1;7
"1269";2336360;15;"Точное";16,1;7
"1270";2336410;26;"Точное";16,1;7
"1271";2337170;1380;"Точное";16,1;6,9
"1272";2336526;5,2;"Точное";16,1;7
"1273";2336526;3,6;"Точное";16,1;7,9
"1274";2203700;4,6;"Точное";16,1;6,9
"1275";2203655;9,2;"Точное";16,1;7,1
"1276";2336313;1,1;"Точное";16,1;7,2
"1277";2336360;11;"Точное";16,1;7,1
"1278";2337170;1740;"Точное";16,1;7
"1279";2336120;13;"Точное";16,1;7,2
"1280";2203655;8,8;"Точное";16;7
"1281";2203700;5,3;"Точное";16;7,2
"1282";2203655;9,2;"Точное";16;7,1
"1283";2203655;37;"Точное";16;7
"1284";2337170;1500;"Точное";16;6,9
"1285";2336526;3,8;"Точное";16;8,1
"1286";2337170;1400;"Точное";16;6,9
"1287";2336120;13;"Точное";15,9;7,2
"1288";2203655;NA;"Точное";15,9;7,1
"1289";2203655;9,2;"Точное";15,9;7,1
"1290";2336526;4,8;"Точное";15,9;7,2
"1291";2336120;NA;"Точное";15,9;7,3
"1292";2336240;46;"Точное";15,9;7
"1293";2203655;39;"Точное";15,9;NA
"1294";2336313;NA;"Точное";15,9;7,2
"1295";2337170;2070;"Точное";15,9;6,9
"1296";2337170;2590;"Точное";15,8;7,1
"1297";2336300;26;"Точное";15,8;7,4
"1298";2337170;4600;"Точное";15,8;6,8
"1299";2336360;15;"Точное";15,8;7
"1300";2203700;4,2;"Точное";15,8;6,8
"1301";2336526;6,4;"Точное";15,8;6,9
"1302";2336240;9,9;"Точное";15,8;7,3
"1303";2336120;17;"Точное";15,8;7,1
"1304";2337170;5140;"Точное";15,8;6,8
"1305";2337170;2520;"Точное";15,8;7
"1306";2336526;3,8;"Точное";15,8;NA
"1307";2336240;9,9;"Точное";15,7;7,3
"1308";2336300;27;"Точное";15,7;7,6
"1309";2336120;17;"Точное";15,7;6,9
"1310";2336313;0,98;"Точное";15,7;7,2
"1311";2203700;4,6;"Точное";15,7;6,9
"1312";2336313;1;"Точное";15,7;7,2
"1313";2336300;26;"Точное";15,7;7,4
"1314";2336360;18;"Точное";15,6;6,9
"1315";2336410;15;"Точное";15,6;7,3
"1316";2336410;16;"Точное";15,6;7,3
"1317";2336728;11;"Точное";15,6;7,1
"1318";2337170;6190;"Точное";15,6;6,7
"1319";2336313;1,2;"Точное";15,6;7
"1320";2336360;11;"Точное";15,6;7,3
"1321";2336120;27;"Точное";15,5;6,8
"1322";2203655;12;"Точное";15,5;7,2
"1323";2336240;11;"Точное";15,5;7,4
"1324";2336526;5,2;"Точное";15,5;7
"1325";2337170;4470;"Точное";15,5;6,8
"1326";2336526;3,6;"Точное";15,4;7,7
"1327";2337170;1540;"Точное";15,4;6,9
"1328";2337170;5910;"Точное";15,4;6,8
"1329";2337170;1580;"Точное";15,4;6,9
"1330";2336240;18;"Точное";15,4;7
"1331";2336300;28;"Точное";15,4;7,5
"1332";2337170;5670;"Точное";15,4;6,8
"1333";2337170;5800;"Точное";15,4;NA
"1334";2336410;16;"Точное";15,4;7,2
"1335";2337170;3060;"Точное";15,4;6,9
"1336";2336410;16;"Точное";15,4;7,2
"1337";2336410;16;"Точное";15,4;7,2
"1338";2336300;27;"Точное";15,4;7,5
"1339";2336360;13;"Точное";15,4;7,1
"1340";2337170;1780;"Точное";15,4;6,9
"1341";2203700;5,6;"Точное";15,4;7
"1342";2336300;26;"Точное";15,3;7,4
"1343";2337170;2640;"Точное";15,3;6,9
"1344";2336410;15;"Точное";15,3;7,3
"1345";2203655;9,2;"Точное";15,3;7
"1346";2336300;27;"Точное";15,3;7,5
"1347";2337170;4830;"Точное";15,3;6,9
"1348";2336410;15;"Точное";15,3;7,2
"1349";2337170;7360;"Точное";15,3;NA
"1350";2337170;2180;"Точное";15,3;6,9
"1351";2336240;13;"Точное";15,2;7,2
"1352";2203655;12;"Точное";15,2;7,2
"1353";2203700;4,4;"Точное";15,2;6,9
"1354";2336313;1,2;"Точное";15,2;7
"1355";2203700;6,1;"Точное";15,2;7,1
"1356";2336300;36;"Точное";15,2;7,3
"1357";2337170;6340;"Точное";15,2;6,8
"1358";2337170;2250;"Точное";15,2;6,9
"1359";2337170;5450;"Точное";15,2;6,8
"1360";2337170;4020;"Точное";15,2;6,8
"1361";2203655;9,2;"Точное";15,2;7,1
"1362";2336240;18;"Точное";15,1;7,1
"1363";2336120;19;"Точное";15,1;7
"1364";2203655;8,8;"Точное";15,1;7
"1365";2336526;4;"Точное";15,1;7,2
"1366";2337170;3660;"Точное";15,1;NA
"1367";2336526;3,8;"Точное";15,1;7,2
"1368";2336526;4;"Точное";15,1;NA
"1369";2337170;3920;"Точное";15;6,9
"1370";2336240;11;"Точное";15;7,3
"1371";2336240;13;"Точное";15;7,2
"1372";2336360;14;"Точное";15;7,1
"1373";2336240;12;"Точное";15;7,3
"1374";2336410;34;"Точное";15;6,9
"1375";2336240;13;"Точное";15;7,2
"1376";2337170;3680;"Точное";15;6,9
"1377";2336313;1,3;"Точное";15;6,9
"1378";2336240;9,9;"Точное";15;7,3
"1379";2336313;1;"Точное";14,9;7,2
"1380";2336526;5,7;"Точное";14,9;7
"1381";2336120;12;"Точное";14,9;7,2
"1382";2336410;16;"Точное";14,9;7,2
"1383";2337170;4020;"Точное";14,9;6,9
"1384";2337170;3410;"Точное";14,9;7
"1385";2336120;24;"Точное";14,9;7
"1386";2336360;14;"Точное";14,9;7
"1387";2336120;24;"Точное";14,8;7
"1388";2336360;10;"Точное";14,8;7
"1389";2203655;13;"Точное";14,8;7,2
"1390";2336240;14;"Точное";14,8;7,2
"1391";2336526;4,8;"Точное";14,8;7,1
"1392";2336360;10;"Точное";14,8;7,1
"1393";2336410;33;"Точное";14,8;7
"1394";2336410;15;"Точное";14,8;7,2
"1395";2337170;7180;"Точное";14,8;6,7
"1396";2336240;9,9;"Точное";14,8;7,3
"1397";2336313;1;"Точное";14,7;7,1
"1398";2337170;4290;"Точное";14,7;6,8
"1399";2337170;6210;"Точное";14,7;6,7
"1400";2336300;39;"Точное";14,7;7,3
"1401";2203655;13;"Точное";14,6;7,2
"1402";2337170;6930;"Точное";14,6;6,7
"1403";2336120;25;"Точное";14,6;6,9
"1404";2336120;NA;"Точное";14,6;6,9
"1405";2203700;5,1;"Точное";14,6;7,2
"1406";2336313;1,2;"Точное";14,6;7
"1407";2336300;28;"Точное";14,6;7,5
"1408";2337170;4700;"Точное";14,5;6,8
"1409";2337170;6880;"Точное";14,5;6,7
"1410";2337170;4140;"Точное";14,4;6,8
"1411";2337170;4590;"Точное";14,4;6,8
"1412";2203700;4,4;"Точное";14,4;6,8
"1413";2337170;6530;"Точное";14,4;6,7
"1414";2336313;NA;"Точное";14,4;7,2
"1415";2336526;3,6;"Точное";14,4;7,5
"1416";2203655;15;"Точное";14,3;7,1
"1417";2336300;27;"Точное";14,3;7,5
"1418";2336313;1,4;"Точное";14,3;7
"1419";2336526;3,8;"Точное";14,3;7,5
"1420";2336313;0,98;"Точное";14,2;7,2
"1421";2203655;9,2;"Точное";14,2;7
"1422";2337170;5380;"Точное";14,2;6,8
"1423";2337170;5990;"Точное";14,1;6,9
"1424";2336410;16;"Точное";14,1;7,2
"1425";2336120;13;"Точное";14;7,3
"1426";2336728;11;"Точное";14;7,1
"1427";2337170;5930;"Точное";14;6,9
"1428";2336410;16;"Точное";14;7,2
"1429";2336410;16;"Точное";14;7,2
"1430";2336526;5,2;"Точное";13,9;7
"1431";2337170;7200;"Точное";13,9;6,8
"1432";2336313;1,3;"Точное";13,9;6,9
"1433";2337170;5430;"Точное";13,8;6,8
"1434";2337170;4520;"Точное";13,8;6,8
"1435";2336313;1,4;"Точное";13,8;6,9
"1436";2337170;3830;"Точное";13,6;6,9
"1437";2337170;4320;"Точное";13,6;6,9
"1438";2336240;11;"Точное";13,6;7,3
"1439";2203700;4,4;"Точное";13,6;6,8
"1440";2336240;11;"Точное";13,6;7,3
"1441";2337170;4510;"Точное";13,5;6,9
"1442";2337170;3360;"Точное";13,5;7
"1443";2203700;4,2;"Точное";13,5;6,8
"1444";2203700;4,2;"Точное";13,5;6,8
"1445";2203700;4,4;"Точное";13,5;6,8
"1446";2336313;1,4;"Точное";13,4;7
"1447";2337170;3140;"Точное";13,4;7
"1448";2336526;5,7;"Точное";13,3;7
"1449";2337170;2990;"Точное";13,3;7
"1450";2336313;1,4;"Точное";13,1;7
"1451";2337170;6600;"Точное";12,9;6,8
"1452";2337170;7540;"Точное";12,8;6,8
"1453";2337170;7840;"Точное";12,2;6,8
"1454";2336526;4,8;"Точное";NA;7,4
"1455";2203700;4,2;"Точное";NA;6,8
"1456";2336410;28;"Точное";NA;7,1
"1457";2337170;3850;"Точное";NA;6,8
"1458";2336728;9,7;"Точное";NA;7,1
"1459";2336120;105;"Точное";NA;6,5
"1460";2203700;113;"Точное";NA;6,6
"1461";2336526;4,6;"Точное";NA;7,7
"1462";2336300;24;"Точное";NA;7,3
"1463";2337170;7180;"Точное";NA;6,8
"1464";2203700;5,6;"Точное";NA;7,2
"1465";2336300;25;"Точное";NA;7,4
"1466";2336410;160;"Точное";NA;6,8
"1467";2336526;5,5;"Точное";NA;7,2
"1468";2336360;12;"Точное";NA;7
"1469";2203655;17;"Точное";NA;7,1
"1470";2337170;2280;"Точное";NA;6,9
"1471";2336313;0,93;"Точное";NA;7,1
"1472";2336300;38;"Точное";NA;7,3
"1473";2203655;8,2;"Точное";NA;7
"1474";2336313;1,1;"Точное";NA;7,2
"1475";2336300;25;"Точное";NA;7,4
"1476";2336313;0,77;"Точное";NA;7,4
"1477";2336526;3,8;"Точное";NA;8,9
"1478";2336360;12;"Точное";NA;7,1
"1479";2336360;14;"Точное";NA;7,1
"1480";2203700;5,1;"Точное";NA;6,8
"1481";2203655;8,8;"Точное";NA;7,1
"1482";2203655;21;"Точное";NA;6,4
"1483";2336360;9,8;"Точное";NA;7,4
"1484";2336313;NA;"Точное";NA;7,2
"1485";2336300;21;"Точное";NA;7,4
"1486";2336360;76;"Точное";NA;6,7
"1487";2336360;10;"Точное";NA;7,1
"1488";2336313;1,3;"Точное";NA;7,3
"1489";2337170;2970;"Точное";NA;6,9
"1490";2203700;4,9;"Точное";NA;7,1
"1491";2336360;10;"Точное";NA;7,1
"1492";2336313;1;"Точное";NA;7,2
"1493";2336728;16;"Точное";NA;7
"1494";2336526;NA;"Точное";NA;7
"1495";2336526;3,1;"Точное";NA;9
"1496";2336120;12;"Точное";NA;7,1
"1497";2336300;27;"Точное";NA;7,4
"1498";2336120;16;"Точное";NA;7,1
"1499";2336240;11;"Точное";NA;7,4
"1500";2203700;4,4;"Точное";NA;6,9
